feature1,feature2,feature3,feature4,category,target
54.96714153011233,16.748258225906977,0,4,C,-0.9998952922481001
48.61735698828815,10.456784033440025,0,5,C,2.193602615610071
56.47688538100692,63.64302495436367,0,4,C,-1.6808950827464908
65.23029856408026,70.64757264869012,0,1,B,-0.4998395974016641
47.658466252766644,3.1586144825642037,1,3,C,0.2797480006999844
47.6586304305082,93.62122462436898,1,7,B,0.9860838914777112
65.79212815507391,5.1971283651472415,1,6,C,0.646449368542261
57.67434729152909,54.12963353010704,0,10,C,2.311259004942879
45.30525614065048,70.90605194509165,1,4,A,-0.11759845265813158
55.42560043585965,87.09691237460856,0,5,B,-0.8729832613505268
45.365823071875376,71.40869321324278,0,6,A,-0.21969602421644946
45.34270246429743,80.17280830697918,1,6,B,-0.31997652935102444
52.41962271566034,33.94501925428061,0,8,C,-0.06829514729013945
30.86719755342202,81.48251137465122,0,4,C,-0.9824881228992798
32.75082167486967,8.011484638467515,1,3,B,0.7840560382503569
44.37712470759027,89.48166560605276,1,3,A,0.3708302093362092
39.87168879665576,54.75923761537362,0,9,B,-1.263880829074111
53.142473325952736,81.72977699624937,1,7,B,0.9680250758705841
40.91975924478789,45.23182845183001,1,2,C,-0.8114815369845049
35.87696298664709,64.35776951965249,0,2,A,-1.182815502304289
64.65648768921554,52.640266093611324,0,4,B,0.08732870392164904
47.74223699513465,73.15895217553319,0,6,A,-1.7578434493993103
50.67528204687924,8.162998203058958,0,9,A,0.589503049877248
35.75251813786544,6.03520839905638,0,11,B,-2.8388403307831935
44.556172754748175,24.710323401014644,1,4,A,-1.0293626899886377
51.10922589709866,15.954468011318834,1,7,C,1.5751373210879114
38.490064225776976,87.17835665922017,1,7,C,-0.6866592091733184
53.75698018345672,21.92139873580443,0,3,C,-0.5115852052062981
43.99361310081195,97.58652558191314,1,7,C,1.2736650541304377
47.083062502067236,33.68957917711069,1,5,A,-0.7928636050723185
43.98293387770603,18.211791568869927,1,2,C,0.7634381813894765
68.52278184508938,78.96985071424791,0,9,B,1.1741881650593213
49.86502775262066,65.87077755008761,1,6,C,0.4785303141499034
39.422890710440996,49.8195716453139,0,3,B,-1.4448973229642597
58.225449121031886,55.53635509376312,0,6,B,-0.6039858592158763
37.791563500289776,71.92017782722638,0,3,C,2.713619777528997
52.08863595004755,22.845474133129873,1,2,C,-0.4905236525315732
30.403298761202244,99.63339160567419,1,8,A,2.986329375576428
36.71813951101569,97.4793162146783,0,4,B,1.7089640520298932
51.96861235869123,65.03256863469369,0,5,C,0.5190695393722207
57.38466579995411,19.954245092914512,0,4,A,0.29723427249751627
51.7136828118997,68.02282424312914,0,3,C,-0.4648233551271014
48.843517176117594,7.219840897917584,0,4,C,-0.08891259090346215
46.98896304410711,3.0652502205806065,0,3,C,-0.6887241565242733
35.214780096325725,25.76828885112137,1,11,B,-0.06362640381960291
42.801557916052914,46.26229567393163,0,6,C,-1.362194891382653
45.393612290402125,86.82725054083805,0,5,A,-1.4157710130558239
60.57122226218915,72.7169069766308,0,5,C,1.3010156626547096
53.43618289568462,74.2706521199981,1,5,C,-1.6123097359794165
32.36959844637266,42.54933344480754,1,3,A,0.8861381534941315
53.24083969394795,34.59349925469629,1,6,A,-1.894382195925908
46.149177195836835,37.10387629846027,0,4,B,0.6296376030255896
43.23077999694041,98.76495637360578,1,5,B,-0.20758434514303986
56.11676288840868,4.010919141248248,0,3,B,1.3213162028034042
60.30999522495951,86.70314961224486,1,7,B,-0.3319944588800761
59.31280119116199,57.86754085723934,1,3,A,-2.009540055171467
41.607824767773614,43.86154191895905,1,6,C,-0.1880362858866683
46.907876241487855,72.52576604151365,1,7,C,0.15966056554792507
53.31263431403564,48.666894142470284,1,1,C,-0.1319776420317892
59.75545127122359,87.34232380816606,0,6,B,0.5751078209897706
45.2082576215471,90.07018640112585,1,4,A,-0.5643880987057234
48.14341023336183,42.17209268734554,0,2,A,-1.2634031625456064
38.93665025993972,27.682779723505156,1,2,A,-0.9996488843142238
38.037933759193294,59.23503285933622,0,5,C,-0.5157673445295374
58.125258223941984,91.2363345616691,0,5,B,-0.5243486162483538
63.56240028570823,21.066218900566657,0,3,A,2.406122358003271
49.27989878419666,62.296658356348274,0,5,B,1.2551054165830837
60.03532897892024,63.156022009252055,0,11,A,0.6867092043485655
53.61636025047634,73.3113022415281,1,2,B,0.4460125107285377
43.54880245394876,13.15676851272598,0,6,A,0.29977223560213645
53.61395605508414,71.58249646820886,0,5,B,0.3050005452097285
65.38036566465969,90.9032520665641,1,3,A,0.1632860530801324
49.64173960890049,17.968310887024195,0,4,A,0.04011908243657868
65.64643655814007,23.754332492387764,1,10,B,-2.0918640945508673
23.802548959102555,97.13950940416396,1,1,B,-0.36912727307249366
58.21902504375224,18.097695270948975,1,8,C,-0.2403008051482479
50.870470682381715,85.4385093369579,1,3,B,-0.7489730972700454
47.009926495341325,49.227785644803475,0,5,A,-0.5560969362288024
50.91760776535502,24.723107440317705,1,4,A,0.30074901718079544
30.124310853991073,87.07499012725114,0,11,B,0.7675900769499596
47.80328112162488,44.53052550026655,0,3,C,0.299236461918441
53.57112571511746,51.48173539296902,1,4,B,0.7424442386469563
64.77894044741517,35.92333693997657,0,3,A,0.7601080308146904
44.81729781726352,59.29508514349274,1,3,A,-0.29970559352785353
41.91506397106812,16.352387258502276,1,8,C,0.5253074625021505
44.982429564154636,39.10815366517607,1,1,B,-1.74637247962368
59.15402117702074,96.94123223352875,1,5,A,-0.3843252268587723
53.287511096596845,25.813343270112753,0,7,A,-0.5018515894662998
44.70239796232961,65.67366645412922,0,3,A,1.5313268023142323
55.13267433113356,32.51900642246949,1,7,B,0.337087292733681
50.9707754934804,77.34731256866006,0,5,B,-1.3344540811529162
59.68644990532889,13.087366071834982,1,7,C,0.5945838047755574
42.979469061226474,96.98210450785447,1,5,A,0.9097833451011628
46.723378534022316,45.37895413836392,1,7,A,-0.08966392153963396
46.078918468678424,23.605046334646396,0,5,C,0.6902559291228032
35.364850518678814,7.349674733001265,0,4,A,-2.495707383782465
52.96120277064576,16.975790508754073,0,5,C,-2.6993223494322995
52.610552721798896,51.977394855601766,0,11,C,-1.178669236297522
50.05113456642461,33.70031764312863,1,7,A,0.14903970062499755
47.65412866624853,82.88833658826094,0,6,B,1.5321637696085468
35.84629257949586,43.08875236618059,0,3,B,-1.1264276888827558
45.79354677234641,24.871427258762992,0,0,B,-0.853677408287937
46.572854834732304,61.714498660403,1,10,B,0.08860639072474857
41.97722730778381,70.67772168854458,1,5,A,-0.4923187949790351
48.387142883339905,16.704190790094987,0,5,C,-0.5491907692968236
54.040508568145384,16.761921628831765,0,3,C,-0.4214748374312925
68.8618590121053,3.667142693354297,0,4,A,1.3147884915190176
51.74577812831839,73.64020150656405,0,2,B,1.1161342887381218
52.57550390722764,66.38045276218051,1,2,C,0.023469322292615936
49.25554084233833,47.46308757498139,1,7,A,1.6544802739196438
30.812287847009586,84.41704489691972,0,3,A,0.5090283540679753
49.73486124550783,80.56701529500532,0,1,B,1.1538941345384908
50.60230209941027,58.535436439675216,1,3,A,-0.8605465725486288
74.63242112485287,86.82712805132586,0,7,C,-0.653677053748058
48.076390352188774,20.584121003676824,1,5,C,-0.6643822914959687
53.015473423336125,11.191961939772789,0,5,A,-0.08672224914150004
49.65288230294757,26.974961151698963,0,4,C,0.059913237091261326
38.31321962380468,5.708685608931486,0,5,A,0.3241773085969957
61.42822814515021,53.1169528001032,1,5,C,1.9731048680819048
57.519330326867745,93.66056922949615,1,3,B,0.7212781292490482
57.910319470430466,3.9343540668509647,0,3,C,-0.5147916994996568
40.906125452052606,12.21099140100268,0,6,B,-0.0032743790558235593
64.02794310936099,45.21990282834353,0,6,B,1.504942189115205
35.98148937207719,93.38750175279048,0,4,A,0.7818798426041219
55.868570938002705,31.61561049767505,0,9,B,1.4917821634240598
71.90455625809979,50.723480868839246,0,6,C,-0.48268326364734954
40.09463674869312,4.15728590503921,1,5,C,-0.7116615385763058
44.33702270397228,14.834320096208886,0,5,B,-0.6970447013594224
50.99651365087641,98.66301229588468,0,4,A,-0.4019864911361351
44.96524345883801,96.51186964360456,1,10,B,-1.0632830097704935
34.493365689338674,0.49399809344096157,0,6,C,0.29519306170841997
50.68562974806027,95.18117854232389,1,2,C,0.31238724341164475
39.37696286273895,63.91199378155004,0,4,B,1.3387779704210623
54.73592430635182,86.79182945200222,1,3,B,-1.760262500580009
40.80575765766197,45.47398556338591,1,2,B,-0.9441275564624203
65.4993440501754,51.55960285792502,1,5,C,0.8055804745307268
42.16746707663763,48.88465802569202,1,6,C,0.18347311871156718
46.77938483794324,66.68642575461044,0,5,C,0.044802456387939664
58.135172173696695,13.96512547563129,1,10,A,1.2638538399101207
37.69135683566045,2.9973589872677953,0,5,C,-1.0099542026761599
52.27459934604129,30.79299415911909,0,5,C,-0.7287293926540226
63.07142754282428,70.46807627366466,0,4,A,-0.8465118444436109
33.92516765438772,20.185345212294838,1,4,A,-2.0129080438933564
51.84633858532304,67.34324333249174,0,3,A,0.13281753341626526
52.598827942484235,96.99120461072704,1,6,A,-0.5228525870362869
57.8182287177731,9.39007157894184,1,4,A,-0.7329008084917776
37.63049289121918,67.26021182251263,1,2,A,-0.9134251263173027
36.795433869157236,44.375021930457116,1,9,B,-0.017746692418393682
55.21941565616898,86.81422543775054,0,5,B,-0.798539514558761
52.96984673233186,17.71497894473859,0,9,B,0.221567527608239
52.504928503458764,69.26259522261645,0,5,B,0.45918016733486333
53.46448209496975,83.81152896481102,0,5,C,-0.2945776404999956
43.19975278421509,94.46142194740233,0,1,A,-0.36246763975942536
52.322536971610035,68.32480282896458,0,5,C,0.18549100031849017
52.93072473298681,49.71747640084273,0,8,A,-0.028849720134268272
42.85648581973632,61.78472402012139,1,6,A,1.3301593553547282
68.65774511144757,86.89049844787182,1,2,C,0.3182655375602048
54.73832920911788,57.060974663882966,0,5,B,1.0955860002743094
38.08696502797351,3.038705969683686,1,5,C,0.610511002359014
56.5655360863383,93.09486955069778,0,4,C,-1.3184181401263892
40.253183297726785,68.95267510315611,0,6,A,-0.5582648758056487
57.87084603742452,67.65133857772466,1,5,A,-0.048097423042657995
61.58595579007404,21.567515239771716,0,6,A,0.8684443105959316
41.7931768164829,65.88854702326572,0,5,B,1.9278129974385718
59.63376129244322,39.386440565415846,1,4,C,-0.48414713088721034
54.12780926936498,65.12329770414921,1,7,C,0.05525609828667641
58.2206015999449,10.659303030799073,1,5,B,0.7999112816883867
68.96792982653947,65.7845304603036,1,7,C,-0.057827508305891395
47.54611883997129,99.94137257706666,1,6,C,1.6440967778524607
42.4626383564251,4.821203886055603,0,4,A,-1.3477869752125091
41.10485570374477,97.71741842213173,0,8,B,0.6780199154669925
41.841897150345616,40.690796072287064,0,4,A,0.6682132544361378
49.228982905858956,87.07534503372591,0,3,B,1.1520386983137296
53.41151974816644,78.23854840582734,1,5,A,0.06205134882299451
52.766907993300194,56.70162609866678,0,10,C,0.8915212184058299
58.27183249036024,73.84492092513266,1,6,B,-0.24913924623956143
50.13001891877907,87.8515561301348,1,4,B,-0.8013912702625892
64.53534077157317,40.4140321651033,1,3,A,-0.9472030111595046
47.35343166762044,32.70331615632387,1,3,B,-1.4414021873754232
77.20169166589619,66.75933855635847,1,5,C,-0.4413587915148518
56.25667347765006,80.78459419412586,0,2,C,0.31148837705706356
41.42842443583717,76.22851347766158,1,6,C,-0.20813209608425529
39.29107501938888,79.78136488586345,0,2,A,0.19796609997355485
54.824724152431855,43.5583314812933,1,5,B,1.2348790173863373
47.76537214674149,81.78342161750216,0,2,A,-0.5174865483256956
57.14000494092092,12.020905537060845,1,6,C,2.3402964980453067
54.73237624573545,54.448909796084955,1,3,B,0.7552429989905723
49.271710873431275,0.575866049812157,0,5,C,-0.1969257225752349
41.532062819315954,32.45858299002703,0,2,B,-0.2196020942255738
34.851527753141355,36.646153487139784,1,6,B,-1.0081299567768498
45.53485047932979,39.61726916092554,0,6,A,-0.025716964887102477
58.56398794323472,69.54672066898621,1,7,B,-2.161596133238537
52.14093744130204,38.85581012703457,1,6,C,1.2557661752685587
37.542612212880115,44.86936226225306,0,6,B,-2.8166108000172683
51.73180925851182,23.754413087432745,0,4,C,0.04175097336784854
53.85317379728837,37.325179162934006,0,4,A,-1.1439890013233718
41.16142563798867,22.726962726315147,1,7,C,-0.701178651923643
51.53725105945528,7.319592376844364,0,5,B,-0.5721519329225444
50.58208718446,60.34485933813779,1,5,C,1.9256261274619442
38.57029702169377,66.82127985550163,0,8,C,-1.1032507054703398
53.577873603482836,61.94903460096145,1,4,B,0.9142595447941229
55.60784526368234,46.34940438005724,1,2,C,1.1604018292673417
60.830512431752766,37.978578017922985,1,3,B,-2.3384282002430976
60.53802052034903,86.33336495718252,0,4,A,-0.615352766761434
36.22330632042909,51.908178513621806,1,6,C,1.4844590928257
40.62174960084877,47.9181877629731,1,9,A,-1.3147734507194535
55.1503526720866,2.5642065806435688,1,3,C,1.1982760366446361
55.13785950912209,34.12478276261564,1,5,C,-0.01786658140108544
55.150476863060476,38.019561878585705,0,3,A,-0.06109732956768189
88.52731490654722,39.88227808969005,0,2,C,0.0694916127196336
55.70890510693167,58.017236922733225,1,4,C,0.34257183153145665
61.35565640180599,53.360254672687844,0,9,A,-0.9556381846942431
59.54001763493203,60.79050927934446,1,4,C,-0.26041953315253874
56.51391251305798,76.48832615421283,1,5,B,0.3705984139802113
46.84730755359654,81.29857387160935,0,8,C,0.17688583943000827
57.589692204932675,71.81230762264944,1,8,C,0.3492255625444667
42.27174785462428,95.55236959549347,0,5,C,-0.7186870441488834
47.63181393259991,1.823258267636163,1,3,A,0.6322992097833006
45.14636452170897,19.57779856835461,1,9,B,0.1264756754883747
50.81874139386323,0.756287497814212,1,2,B,-1.5807000516739227
73.14658566673509,64.7474714154603,0,8,C,-0.5313715169669784
31.32734807408252,89.8030548949987,0,7,A,-0.8955045203086053
56.86260190374514,24.34822965762993,1,6,A,-0.9083780929706866
33.87284128810349,92.70345447963066,1,9,B,-0.4764801304514311
45.280681342105666,6.026739028956085,1,3,A,0.6134719366917788
60.889505969673664,93.44360268055144,0,6,C,-0.6267922495600579
50.64280019095463,35.16226872396344,0,7,C,0.22505788525793918
39.22255222070694,10.142082844921651,0,7,A,0.061162567850915076
42.84696290740032,48.58717591863256,1,5,C,-0.7790524043066904
56.79597748934676,25.677656772050796,0,5,B,-0.34481513066729513
42.69633368282864,28.487290196192284,0,1,C,0.8648492232989141
52.16458589581975,30.728996492628657,1,7,A,0.14980630694108532
50.45571839903814,80.30258978326634,0,4,B,0.5488278614010552
43.483996523941826,53.91612766752545,1,7,C,1.2724965439077798
71.43944089325325,31.130769915600364,1,5,B,0.4349370541780767
56.33919022318011,61.03337833109184,1,5,A,-1.9206888668853224
29.74857413342393,71.61506742231936,0,3,C,0.2705977161156537
51.86454314769428,27.262400073353376,0,5,C,-0.6181114316735742
43.38213535231612,41.354910152535155,1,5,B,1.8103026100041621
58.52433334796224,12.188609333694755,1,4,C,0.3992694076141758
42.07479261567299,18.11493495346803,1,3,C,-0.5974382974725463
48.85263558533101,68.11178539649828,0,3,C,0.5665119294411894
55.049872789804574,18.143834769562694,1,5,C,0.0907909029671071
58.657551941701215,52.516338366706016,1,10,A,-1.7179573137198072
37.997035929442234,70.90462617224327,1,2,C,0.8630607812527138
46.654987641590516,10.687692309474384,1,5,B,-0.40553991406707834
45.25054688839044,56.73122196289035,1,3,A,1.420618292774008
43.46670767426288,25.656278370136377,1,4,B,-0.12443078414381013
67.65454240281096,96.29268752375798,0,6,B,1.439293483835469
54.049817109609556,48.35456467199247,0,3,B,0.42489814990581537
37.391160456649544,80.59925497751581,0,4,A,0.9741233692959304
59.17861947054776,55.022654215626176,0,4,A,-0.4918194904828303
71.22156197012633,4.341253285481916,0,5,A,0.3530061805464952
60.32465260551147,63.31513755940223,0,8,C,-1.7262347840120666
34.80630034045987,95.14033422066571,0,5,B,-0.1270369028750425
45.15765927133749,60.16118201463312,0,6,A,-1.4845315419310572
62.669111491866225,81.91888594267903,1,3,B,-1.1429771408530993
42.92330534381219,88.42064633484078,1,4,A,-0.8908042657446247
54.43819428146229,22.807977194893247,0,5,A,0.6604209359413116
57.74634053429337,21.204483990822666,1,6,A,-0.14736013475628804
40.730695284219166,61.09809888509917,1,7,B,0.0314270093538459
49.404746439382,41.10284698067047,0,5,C,-0.17458772422775815
17.58732659930927,83.98613028667204,0,2,A,1.0807204988869867
39.756123586657104,90.00231233980112,1,6,A,0.00404195782316077
47.4743184860684,35.34213793027181,1,4,A,0.24883707875137878
37.52216818035151,23.687055897448207,1,2,C,-0.5702531928280898
66.32411303931636,78.05255152438619,0,4,B,1.1494092936662468
35.69858622039367,27.48060355481361,0,2,B,1.224389286802904
45.599555133030165,82.26143185136785,0,3,B,-0.03688895306890407
51.30740577286091,42.37382536487628,0,4,B,-0.5842950296804812
64.41273289066116,66.75498992914704,0,7,A,-1.6159763337170558
35.6413784882056,9.553531383466819,0,5,C,-0.8685964306357081
61.63163752154959,62.3859324676573,1,5,A,-2.1670900615257573
50.10233061019587,45.17676787372291,1,7,C,-0.9106425200879945
40.18491348952049,58.66084631754741,0,9,B,0.35697009739526736
54.62103474263271,16.801420774486342,1,7,C,-0.0503999505990221
51.9905969557347,73.68737449441821,0,6,A,2.323266984454728
43.99783122841205,86.27970775432286,0,6,A,-0.3710567148003856
50.69802084990019,21.673980009077564,0,9,B,-0.4491317409544426
46.1468640313824,9.571455552016172,1,2,A,1.0627695995287993
51.13517345251248,2.3638586046336396,1,3,A,-1.9269362882455545
56.62130674521047,64.1971500443266,1,9,C,-1.4817672225794876
65.86016816145352,60.70940360887808,0,3,A,0.6638413612554662
37.62184501173151,54.669741271407005,1,8,B,-0.19542420296937088
71.33033374656267,23.194709611597542,0,5,B,-0.17249603439745634
30.479122004774982,39.09059959055147,1,4,A,-0.9371511578343226
48.482149049644164,59.4476335186173,1,9,B,0.23977017358264288
55.883172064845766,49.67668588591694,0,2,C,-0.8080232546464313
52.809918677350325,98.77855202148874,1,5,C,0.07274332869723261
43.77300480179406,13.643975255673313,1,10,A,-1.1584835618532354
47.918777496427246,69.51445540475937,0,5,A,-0.18239698738255672
45.06999065341167,40.431876810429216,1,4,C,2.024868940495847
44.106352430557884,42.819961492561475,0,7,B,-0.4249357897375238
58.496020970210246,71.75977656581762,1,3,A,-0.1317581881917793
53.57015485965047,69.24361513243696,1,6,A,-0.2025229974690826
43.070904047393455,99.12559937021884,1,3,B,0.17453140834448458
58.995998754332504,12.839428945412523,1,3,A,0.46815197968425365
53.072995208766095,10.410964938416633,1,4,B,0.25723775067652227
58.1286211883896,72.43388171287411,0,1,B,0.2793158417725047
56.29628841923612,57.83869170064091,1,2,B,-0.18083338439885213
41.710049890779274,27.416066655980586,0,4,B,0.10028972250703876
44.39818959803031,7.9419368988986605,0,5,B,-0.21395542918754967
57.472936051232615,8.565824959643054,0,8,C,-1.8123587064271196
56.10370265433465,89.41908746641182,0,7,B,2.630615009851872
49.79098406035852,19.18673247187429,1,7,C,0.7281727495472169
51.17327383308782,32.33715621155208,0,2,B,-0.979319205284551
62.77664895788425,22.6656402226988,1,6,A,0.23006040438340009
44.0842861116417,35.49963058319373,0,8,C,-1.3461407225802056
55.470973811700375,6.942384274609337,0,6,A,-0.4942015491627052
47.97807347566106,51.90597909082704,1,4,B,-1.4819885411257958
47.8231879677278,6.76125635922149,0,4,B,-0.05118484564042785
60.9877685198719,80.03565078223616,0,4,A,-1.581355226130057
58.2541634898803,23.3712081910433,1,1,B,0.3884228943128649
58.135096360006386,54.00119146045106,0,6,A,0.6822210809128297
63.05478807154329,88.00790875614582,1,8,B,-0.8269805995836251
50.21003841632759,65.08773690471942,0,7,B,0.16089420419906206
56.81952971294964,53.29577865513353,0,7,C,-0.87996435202241
46.89733243406544,32.43337531153756,1,6,A,0.5117309642699077
53.24166352488442,33.300191305819794,0,6,B,-0.6886180485624596
48.698569456323156,66.94869551981901,0,4,A,0.7889701250469207
50.96995964992718,99.41393612211675,0,3,C,-1.8115918203349892
55.95157025436914,66.18391898493786,0,6,A,-1.0049759150998872
41.81779316766527,55.77834173700249,1,3,C,-1.1088163212865454
70.9238727568546,73.06505102392461,0,10,A,0.20335375840499775
39.93982618500298,46.52056122837182,1,5,A,0.5550896994415868
37.85811387212268,6.0142342600785215,1,6,C,0.28063736678268697
61.581108735000676,56.22968158779098,0,6,B,-0.5089765283907034
57.91662693962936,95.76252845053801,1,4,B,-2.7950870659419196
56.24119817052155,17.530294235765965,0,6,B,0.03870229475756321
56.2834550926428,69.00048908206658,1,5,A,0.7880490843170695
49.87753227153085,20.093368865905646,0,3,A,2.6805088716332452
41.02745628514168,53.582768447308126,1,2,B,-0.4243952207106612
50.75804558193726,9.667644964671961,0,3,A,-0.6653155109340871
43.22838288487888,45.037093625818514,0,2,A,0.3202547812881538
59.75119733417751,75.61633288952461,1,8,B,-0.25615844322144626
48.52942618497861,34.757152423898205,1,7,C,1.2753734072632077
41.745028032074885,66.4911724487218,0,4,A,-0.8081886582481381
46.78614158347007,79.54499607897291,0,3,A,-0.24884771899102934
54.12931454275624,92.71778194794527,1,3,A,0.8762130742723462
44.36275447196025,23.464208185545353,1,6,A,0.30836431263188574
41.77779604433569,39.931591580930814,1,5,C,1.1612076717580284
52.436872114919126,15.241601333041743,1,1,B,-0.4365660514296659
52.44966571108723,99.24835021583752,1,8,A,1.2632845023687043
44.9305682462887,92.70009679242953,1,9,B,-1.6638403732769556
45.289616943816775,53.99571302805596,0,4,A,-1.6238053114724023
52.32049937357636,84.20332943764213,0,7,C,1.2790399164592539
35.51915658502676,52.09579772720422,1,3,B,0.007349575464749858
35.92536225623445,62.35856880027597,1,7,C,0.9208158658799955
42.81555778747564,8.912443211601662,0,5,A,0.09947095810915063
47.86552848288153,75.52704204968079,0,6,C,-0.00704090853069996
53.10907565598005,12.771348363523483,1,8,C,-1.3280208591242249
64.75356216949552,82.60676302525283,1,2,A,-0.026839568317151834
58.576596232020194,78.20280876703859,0,4,A,1.3616072363167513
48.40061470036573,70.87446977429764,0,9,B,0.05667029407167183
49.80983792097311,3.6160380524762115,0,4,A,0.6820781957402268
39.97470635362191,30.31283559453286,0,4,B,0.6543739593936179
49.8148686400761,26.311256991084285,0,3,C,-1.0127080166616316
47.11341361079862,36.01364074715191,0,4,C,0.8571303317527184
53.227185603380896,8.764274676383854,1,4,B,-0.31372872305984767
41.727690564476774,93.69578230310628,0,6,A,-0.25965240829469444
55.193465142411725,55.38022407123763,1,7,A,2.0976951890053264
65.32738913002578,30.552431065802356,1,3,C,0.597303366831519
48.91239851543143,39.698151707428345,0,6,B,-0.6385020242772084
54.01711722098941,44.72025405048357,1,8,C,0.06453806300972237
56.90143991711113,60.05943333606173,0,7,C,0.036619926358222935
45.987795281141636,51.567942769649775,1,3,A,1.686093154338994
52.24092481810417,91.93919732144174,0,4,B,0.039460580464104576
50.12592400781795,49.696348290583025,1,6,C,2.207998653330968
50.97676098548832,99.21580148233127,1,8,A,-1.2967326974200395
42.26990216144534,85.14249577450957,0,3,C,-0.03235275367069412
50.245101742589426,20.85105143573358,0,4,C,-0.7628554421965549
54.979982912454496,93.05952146439162,1,3,A,-0.4948286054196252
64.51143607795042,11.636639788547608,1,8,A,-0.4731215046093557
59.59270826085207,81.74497084911916,0,1,B,-0.711306679998877
71.53182457511556,38.06232934765801,1,3,C,1.7301718049856214
42.326524371119504,87.79743204450695,0,7,B,1.422560328842514
58.723206367206785,86.80566901074504,1,5,A,0.4026445114641222
51.83342005738352,80.59254001176211,0,9,A,-0.4743518948893711
71.89802933217672,79.00304363070614,1,5,C,-0.683233042777688
41.91701714644849,30.46791390980408,0,4,B,0.7418087414777685
41.602781578192236,8.091928305125219,0,5,B,0.3001509512361751
44.00607354555978,40.29801787651615,0,7,C,-0.14482595359958514
28.76104275690193,17.35245149865087,0,3,C,0.5411930073004309
44.74244978319239,69.49510889024617,1,6,B,0.8910705409104919
42.40867338446302,34.609972653778556,0,7,A,-0.15404003002697222
51.50393786476208,97.56102008599149,1,4,A,-0.7873259126880789
53.41755975777159,64.0972077345332,0,4,C,-1.321115666827012
68.76170839215887,82.24805636343609,0,4,B,0.2506316743414634
59.5042383818605,13.252467274184843,0,3,B,2.1672459731329945
44.23096344337597,86.20144822726226,0,4,B,-1.1106632699512438
41.01585328651642,92.27571905133944,0,2,A,1.0994690810340573
54.919191715065054,48.70619188189359,0,7,A,-0.6755561593467891
36.797667929793576,60.625293775097745,0,6,B,-0.4740315359130864
68.31458765854353,76.48098009029954,0,7,B,0.9149234801178312
61.79440120721287,17.483862726041256,1,5,C,-0.2552581566621963
45.30824347895295,50.25660764634424,1,4,C,0.2482597964904795
32.868654709091224,39.86630277723131,0,5,B,0.22909475621236441
63.538723741654124,14.63739921622491,0,4,B,-0.6739476617634077
48.85460154747382,36.753442229153144,1,7,A,0.8950975559201985
62.378163119734616,6.817230938549357,1,5,B,-0.06158218723279078
34.05572341205633,2.5811906949486985,1,6,C,-1.3885102489172416
44.00624977046227,13.516628915482276,0,5,A,-0.8924840191326041
50.05243699718183,96.31151115891738,1,2,C,-3.1166528474598914
50.46980593764742,54.952953589501696,1,4,C,0.051992032174644494
45.49934528520756,96.582216115322,1,4,A,1.3040664633488368
56.228499323474985,43.2497878330132,1,6,C,-1.0471498277799574
39.32379570617405,31.181613308525957,0,11,B,0.585538258338495
48.576205149787064,50.61418628402441,0,6,C,0.4305673840619083
51.20295631711899,43.95116886329101,1,8,A,-0.7518775255875075
55.14438834058749,10.566468426174392,1,5,A,1.5365341563181696
57.1161487808889,64.08263146902063,0,3,A,-0.2726604402249168
38.75357908162131,21.60381825095996,0,5,C,2.0102683798365533
34.65885829264378,61.95879548978296,0,1,B,-1.635678969000222
62.77676821898509,65.02010923981534,0,8,A,-0.26913555159124275
53.323140119795916,15.20248531286481,1,6,B,-0.1502520240166568
42.51513463443446,6.134962711066816,1,4,A,-0.0406130213206811
65.51151975522524,78.07615860684398,0,7,B,0.7163309842882809
51.156746342928585,45.98004237693202,0,1,B,3.3981273176629
61.792971840638266,5.816379550547579,0,7,B,0.4550661535347574
50.67518481410109,99.48663171697672,0,3,A,0.024240242625477082
70.60747924881987,5.778056099636664,1,9,C,-1.096199523567522
67.55340842443204,69.50352288585532,1,4,C,-1.8901064726537538
47.51035851520926,98.36789252634136,1,2,C,1.1702608313680876
59.71570950954356,23.918010421592562,0,4,B,-0.5467841559157098
56.45375949585147,14.224936868719617,1,6,A,2.6041583532456154
63.68631557532349,12.138493942242889,1,2,B,0.8682116183855557
40.35076539419896,30.327514756759555,1,1,A,0.3415594734479631
56.86051459998439,10.10458110106467,0,7,B,0.3941288958921099
60.58424486849588,69.2161341694132,0,7,A,0.4039767650554655
32.41260513576886,6.229179813006269,0,6,A,-0.6945669453637701
38.16741487334225,50.94221281497897,0,8,A,-1.7515027038203508
29.607678222398995,99.66968538529768,0,7,B,-0.5506851265158396
47.305931655554424,81.39702695060188,0,5,C,-0.018356224193736944
57.17542255795962,61.52194382310109,0,6,B,-0.6478173012280894
65.02357052096028,30.625362078661166,1,6,B,-1.2860835499599486
50.74094780419775,62.389583629163845,0,7,A,-0.7482103149624749
66.28615545571292,52.70414639116516,0,6,A,1.0357324669729413
36.198985417851084,42.60833838903715,1,3,C,0.7481957843941472
32.96617560644845,13.071037674019948,1,3,C,0.1714097959035053
49.44452301103381,88.66042152404667,1,1,A,0.5870979263002958
53.840654489393074,44.97846488213225,1,5,C,-1.1319334675943329
49.67305251905907,19.462251182076507,1,3,C,-0.7954247917548061
29.325578999601234,36.77593508772896,1,9,A,0.3110150743781913
49.10879960487212,41.4129752528927,0,8,B,-1.0045088309328234
36.95530499495147,82.75378955668742,0,4,C,0.10839824808820993
56.69672548830039,73.3614380561402,0,2,A,-1.2625245940527738
53.66598246096848,76.93048936413398,0,3,C,-1.6496129294336135
40.60120213672645,1.1031264428647214,0,2,C,0.7360787560448773
44.861330826633065,41.615399817976154,1,4,A,1.0270458521777606
39.40786478111048,48.13441516353236,1,4,C,-0.6308209939074417
49.37320902726828,1.9192276823056686,1,5,C,-1.5204625824708864
59.551423205012384,25.98132087450342,0,8,C,-2.2083721890129024
40.14273953664456,76.0289823122135,1,6,B,1.8420001495344303
55.040465155178445,13.710970572899905,1,3,B,0.11139085350495989
44.69742381627559,53.531013145259166,0,5,C,-0.6079932971682473
42.07127167737656,21.52018720172375,1,6,A,-0.3639115638274787
48.929696400454425,1.2120774643893273,0,3,C,-1.91333225014893
39.64757677580626,24.12014575995415,0,8,C,0.6198984737662316
44.46350694652818,97.58737549100537,1,8,B,2.000107691885334
38.021221074111516,80.15371118829896,0,5,B,-0.782757008879377
69.6472513291639,95.95766443210334,0,4,B,2.3834570366468655
50.35263551971729,48.785404392636245,1,2,C,-0.11640489946110076
43.00274492007414,10.973619867750351,1,6,C,1.66675312854367
52.13979910734222,54.79594889736929,0,5,A,0.30722104429568986
48.8767195030917,45.43773345599609,0,6,C,0.30613118900499553
47.79030400466777,84.4357082739616,0,7,C,1.843925742515286
56.14166700043425,9.808258078424458,1,3,B,0.7827039386018507
57.57507710047305,48.82411370217782,0,9,B,0.3748480783328206
44.69498852389472,15.004866469398426,0,2,B,-1.9413368380718552
44.2418175935532,32.467592689006,1,0,B,-1.507208565856235
47.24948302848356,73.73570773877996,1,6,B,0.4585549740189212
26.98078835264415,47.601812936876655,0,4,A,1.4677833053712417
34.84808937801448,37.58882851457693,1,6,A,0.12845106724629307
63.66874267444525,39.44762785700353,1,4,A,-0.5913046388789457
66.44967713501283,45.94467684059866,0,5,B,-1.839170389171607
47.50963960443622,78.50165438370568,0,2,B,-0.7835850574837824
55.765569630557664,89.20846889402344,1,5,B,0.1309811291970358
53.112501545435364,95.53346865039283,0,4,A,-0.8564566522457612
80.78880808455239,78.6903386255295,1,3,B,-0.964446270397466
61.195749114345766,31.540689574801274,0,5,A,-0.05111726347663867
48.72082408519233,68.81347060865421,0,3,B,1.4484116701223901
40.44459559399574,43.760312405539196,0,3,C,0.6847193878884175
33.93553679742428,25.467062204605117,0,4,A,0.285871785370116
52.03463635867223,84.08715794259226,0,8,C,0.18848638076042115
42.436492547156966,3.8426348962324997,0,5,A,0.5511767023571392
35.77746290402326,90.17619921354235,1,4,B,-0.11013157578269007
43.534271157574736,46.147746462473414,1,4,B,-0.4110816176784839
39.18451996385605,63.72014768082804,1,4,C,0.7381939592582714
66.87141635072564,65.93539222057827,1,4,B,-0.22539528216232319
58.816397569494505,89.51177407065364,0,7,A,-1.1885974024676345
49.92027358683383,63.66696821672073,1,8,B,1.4433000101297884
64.79944138890026,61.39335847600618,0,7,B,-1.8699272950480827
50.77368307647618,6.665204056068996,1,3,A,1.518322824567314
41.38715798671736,51.84080219452041,1,6,C,0.5064552465077627
65.23124077269657,15.016900081704165,1,6,C,-0.9691507327393264
55.38910043684659,73.74337687214856,1,4,B,0.024254553886991242
39.62753845673544,51.22219208126745,1,6,A,-0.42886340069726764
48.09661321916392,68.02277792083532,0,9,C,0.8077257283550481
41.24381746615243,4.167290060238427,0,6,C,0.7879312524960529
36.172002690356635,8.479201604580322,1,4,B,0.4613635210800931
59.26177547531641,71.63233880626822,0,6,A,0.7463830809835645
69.0941664047013,7.208433599867337,1,7,C,-0.11483242508622125
36.01432426180859,7.12567277652586,1,4,B,1.7616750951939784
55.62969236690571,1.210847523488745,0,3,B,1.2236068834576266
43.49357430878173,95.65013982994802,1,4,B,-0.4770057183213565
45.12874616235304,73.75083594590069,1,5,B,0.8108617160332247
44.07606075761131,35.32514085020642,1,3,C,0.7235822859100567
41.36009230320184,29.65355812876552,1,5,A,-0.2597616552876761
50.48521627944827,34.97032297458495,1,3,B,-0.33825664424707685
41.69049883588962,77.46535311811819,1,5,B,1.2145080117778038
52.704568257798385,66.13706110704143,1,5,C,-0.014693753025559694
49.49761890550863,18.519556786746794,0,5,B,0.260171890336454
47.6105195313359,17.410933533408436,0,6,B,1.4011040654640814
40.92436337958402,9.839564971339732,1,6,A,2.5333390006978433
44.23228669431667,66.03027197013381,0,6,B,-0.526624946980564
57.55391225825756,76.43726622217359,1,5,C,-0.22090025092110704
55.009171876243805,26.5046428325004,1,7,A,0.07400401194286525
40.22444755201449,2.094496103091281,0,3,C,0.09673643273801409
50.99332305429226,8.217166747642734,1,5,A,0.37635488861189087
57.51387123371789,96.78600348450304,1,7,A,-0.49017850813700087
33.305947188786284,29.544477747742025,0,2,B,-1.266191019612826
55.43360192379935,76.92231478381336,0,8,B,1.753825244849748
43.37376241054153,62.46635688542638,0,4,B,0.6120825008037826
55.70598668593159,38.19396396528959,0,2,C,-0.41853573333948785
42.367408434574834,20.56872621955551,1,5,B,0.43711300792073243
31.95117899335481,12.138641815940643,0,5,B,1.8329505259537546
33.72457562116837,61.50129680388666,1,4,A,-0.7880216187756558
50.48084946661382,77.4633780637788,0,6,B,0.21114021307695982
52.59722501721482,64.39042535411306,0,8,B,-1.3898647409015294
40.956833748955916,53.030213324915835,1,4,B,-0.11834162387382174
56.38592458777374,4.195122343163627,1,3,B,0.6165953861145571
33.3847993773104,96.84887775943838,0,6,A,-1.1147232559550084
49.33920201352684,79.87141916545745,0,4,B,-0.18720136910847632
37.889838002375434,29.282203670096475,0,2,A,0.7999272995299169
43.48163892197841,97.99703293588506,0,3,C,0.5892001322325895
50.47398671316414,60.18815896363221,1,1,B,-1.1576316809288612
41.39586634716048,58.24226582072465,0,9,B,0.37377487490223954
46.154444557701744,74.8073179429532,0,5,B,0.5587188371873778
60.0629280921444,81.17697880901376,0,3,A,0.10798551668603056
44.23108130476851,65.64786073315027,1,4,B,1.0893393093166917
58.35692112065142,12.809574636620003,1,3,B,-0.5894473186396925
38.702931453423815,33.82675059944984,0,4,C,0.4124844627915127
55.298041779152825,92.80836403260497,1,6,A,-1.1652002870532356
64.41568620657901,22.461561184385193,0,4,A,-1.600625843183379
25.283554998727105,37.21670238375133,0,2,C,0.7810789812152732
42.03104744529523,43.2076882944196,1,6,A,0.020562470429827465
55.7707212718054,43.940498969445215,1,3,B,-0.4634175711160962
47.96954613957007,61.29395824945255,1,6,B,-1.0651560140953598
53.71145873371309,94.30758377447076,1,2,C,0.8271023817633405
43.960148132841795,24.069271183250496,0,8,A,-1.5080143726328283
50.865897874729,12.150137630091805,1,3,A,0.9928774681886875
48.44322764607921,19.747048985993732,0,6,A,0.450997370432614
61.67782061659807,88.69249002092695,1,4,C,-1.4577913880148494
52.54420843301213,64.5810812655206,0,5,B,0.12596141487863907
53.37602662075202,28.590678923916013,1,6,C,2.6537248753663505
45.881230338775325,81.59469389686173,0,1,B,1.1894182844634764
45.123937759275066,86.1369996363436,0,5,C,-0.8280271791876589
45.67441812180379,84.6514338690278,1,7,B,0.7167056822387093
53.944521423782966,91.89265336395545,0,6,A,-1.4159131295368785
45.79015519179737,25.224102017336158,1,6,A,-1.371314176106123
52.89774856896413,75.50419287462783,0,7,A,-0.0673056699677156
70.75400798645438,46.053949727414,0,4,C,0.5516522685790743
58.711247034316926,84.19985528900615,0,3,C,0.8113303189214178
46.73976467832159,72.84906771616131,0,8,C,0.8251837245533683
62.012139221639444,77.64474464997247,1,4,A,0.49475011253520057
45.91924626978449,65.61618376810715,0,5,B,-1.6139911270961003
29.61875464822146,17.742876946970686,1,5,A,-0.06093163514728437
39.91913689082596,54.502691889693835,1,3,A,0.9686818916312215
31.292080789741444,98.46697395245081,0,9,B,0.44329092660742553
46.48486515958692,93.73880664971189,1,8,B,0.18210603205732684
50.184183791895514,4.317373579701167,1,6,B,0.32922586691031347
66.76437312275283,16.481481572943714,1,3,B,0.31251987977721984
53.269273737641626,13.172877345456191,0,5,A,-1.964897282976844
47.80899471191136,72.59799099852955,0,5,C,1.1548911426353936
58.294055811834895,81.77853298569451,1,5,A,-0.11053290748678851
27.88864690992115,21.35113663106719,1,3,B,0.707586457485561
52.356145581085656,50.5852692951829,1,7,C,-2.305645505204216
57.708651938869664,84.07030280112,0,3,C,1.6609919041406227
35.214137542201584,73.28015447662506,1,0,A,-1.1564116437728786
61.43754043206929,54.223720549184826,0,6,A,2.541341032030526
53.38496407494414,59.03476904587729,0,6,A,2.1192403872289507
45.847120860991986,50.83605469162799,0,4,C,-1.3249160194224634
56.32781866106285,29.754845131882057,1,5,C,0.8170366862591912
72.70692857804396,56.50219928590161,0,9,C,-1.0172118579001592
51.81866255058495,68.88853020500906,0,5,B,-0.6394060358745213
52.48220586300336,87.33229158608077,1,4,B,-0.6168326009771676
45.40639100459756,63.629135397924806,0,3,A,0.4479306733793902
41.50155630535208,76.1121537043158,0,6,C,0.32463679042940263
58.303358165442454,16.0071634954573,0,2,A,-1.2015908216734499
41.43916174091133,46.15574744197899,1,6,C,0.4399514034031104
50.715662372193925,0.9331619827093296,1,6,A,-0.20410912649344204
45.223425532348834,24.667886452162303,0,6,B,-1.820552881661241
54.78979825746392,72.64617151130048,1,5,C,-0.434032263769012
53.33662105286948,99.18099513493634,1,3,B,1.6604268534933473
60.375399442578995,9.917809958721591,0,4,C,-0.4002812712029349
44.89983601145253,40.14943158612883,1,4,A,-1.835536811025906
47.30125064706629,80.00709686991596,1,5,C,0.8144667327485066
40.21236284217693,20.403563462889885,1,4,B,-0.9275101847098595
45.55706739923888,55.50849493022862,0,4,C,0.21442893041244723
53.77300493044852,73.30712960296748,1,5,A,-0.17198649540817798
57.56988616645352,61.5985450260179,1,5,C,1.7616702321368773
40.77834675822375,18.802473461541613,0,5,B,-0.1712833244641871
58.6960592010566,35.538456868573945,0,7,A,-1.144589275339776
63.55637858804951,78.37917844853972,0,3,B,-0.4688476040618242
54.13434903223701,55.42265141320166,0,2,C,-1.228776149049634
68.76795812558066,0.5229613542912737,1,4,B,-0.2092647116644092
42.26210800896427,76.09907600280938,0,4,C,1.7697907328371107
37.55345296688583,3.531135494023907,0,6,A,1.2484680394227587
32.212797510957216,74.57337827312321,1,3,B,2.041190503194086
64.96044311489183,20.24805601652374,0,5,B,0.4792500958967251
56.54365656354058,95.80734801193802,1,5,C,0.1431002076430992
49.44415329089545,36.79407513020845,0,5,B,-0.9982930583210694
52.799686263198204,32.69316163380791,0,5,B,0.2696677889872804
38.74510952701623,14.888805033244468,0,3,A,-0.13036128097934865
74.45751979616827,30.560421549021488,0,10,C,0.7786273646421575
51.292211819752275,87.66507618282006,0,5,C,-1.1222549787929021
51.09394794604893,99.63343376272474,1,4,A,0.05268245431008198
57.25766623898692,36.83095305068483,1,4,A,-1.5734971240144306
54.810092317367136,44.861063095454256,0,7,C,0.3376125925551852
52.23884024279131,72.2070938202737,1,3,A,0.6757518815092038
42.09525544554688,88.61957804650746,1,6,A,-1.6215100915888327
54.714683571359956,59.304433418678414,1,2,A,-1.339752253686006
68.82024496475034,39.15256981778293,0,4,C,-1.2959800206477685
63.454200461549775,41.262184084862376,0,4,A,-0.17762495864332084
65.93186626639397,69.56181464968068,0,4,B,-1.3974846128304432
44.88784323568815,0.32182636042786816,1,8,B,1.3784902221527295
40.10395179741419,61.95893374598407,1,5,C,0.4361529815080361
48.74213079900352,35.54930104413574,0,8,A,0.5990395797343382
50.557249122886944,79.41973312770843,0,5,B,-1.5890478856133363
60.94191518470949,9.299063982313216,1,7,C,1.2931780855282224
33.07535370285181,58.82022669483905,1,8,B,0.649609440098562
65.29550319460614,48.09728898861238,1,3,A,-0.6823456398792657
48.419921014210104,64.23255259052274,1,4,C,-1.5417679247047975
45.7311893005258,6.485359448296835,0,6,B,-0.07612722306890851
39.87895624739832,57.99837874281313,1,4,C,-0.46643141236127256
33.451433281342304,56.14845879595237,1,4,B,-0.4249268355569598
58.231705839619146,56.06600944161709,0,6,B,-0.7054319960782337
50.73317967188404,60.34876665964548,1,2,A,0.7214359073440844
37.10039100258946,67.64679372263622,1,4,A,-2.600575019529331
37.04921227936384,80.49889996807697,0,2,B,1.429927790332089
46.64215300709872,26.982072012821433,1,8,C,0.9981164887161206
66.69021525289392,82.5049410180062,1,7,C,0.2106851882954789
47.40408648636395,49.82556822634536,1,2,A,-0.14408557045249443
34.96857046881894,7.705827913433117,0,5,B,1.0830506555535826
47.54256935914056,5.85509292439792,0,6,A,-0.04225915609369724
47.27276430252329,33.42383186960608,1,7,B,-0.2784294845234738
23.031133570584284,78.48969771114676,0,7,B,1.1387180678560977
49.45705133482188,70.76809347409157,1,7,A,2.0933957250499264
47.69065469791322,78.86149646724064,1,6,C,-0.971006823410639
56.96206364813418,51.72690564416094,0,5,A,0.4247993134767853
68.48956094945345,44.01989979554906,1,5,B,-1.0863918778775465
61.26565029547757,14.745252670628394,1,8,A,0.5016396822608584
47.31111309445169,32.81927536093116,0,7,C,-0.7781814783754998
38.934740912583294,43.40193661738753,1,4,C,1.2115482569117613
75.7335980324986,8.860042967961723,1,5,B,-0.10011940196124765
50.59218434014488,22.061195271121125,1,8,A,0.04647866920478809
50.13929291912946,59.82252940637388,1,5,C,1.6311150974555833
49.758749128899964,73.56631142391899,0,2,A,-0.7330029191123658
51.98084760767855,99.83475113929497,1,3,C,0.684842194105591
48.556395880760576,93.31133313435576,1,7,B,-0.6334534418836993
44.26337993119763,64.25651995351916,1,3,B,1.1962975438431387
44.53141058759608,42.1248053294072,1,8,A,1.7867554488303223
49.672467297840015,63.617736470823274,0,1,B,-0.262907197874966
44.56575228866235,78.56516180802319,1,5,C,-2.1940903997612478
42.871542173228356,11.833619092338733,0,3,B,-0.6881370621515897
51.064302276918966,40.99048896962883,0,5,C,2.432636324021755
47.450227825791444,83.98022856356172,0,5,C,-0.5921141931896984
65.0399298858269,38.3832951933044,1,2,B,1.7710211503980606
23.490301916069882,57.18722712271865,1,7,C,-0.6062859901292459
60.91506851922462,58.77693608621982,1,2,C,-0.6309993558939682
62.46085192497629,18.447625313363936,1,4,A,0.7791875770008039
29.266097675918505,36.22354416522884,1,5,A,0.6593409950691119
46.573124059196516,33.451128874193216,1,4,A,0.852174181321905
46.28559134004209,2.6196708532064794,0,4,B,0.004910558563553437
35.924883052821784,2.4191763891355245,0,5,A,1.034360098014559
42.22183312409125,83.16970436757735,0,4,C,0.9615000943039684
38.894241545341714,27.30708099728124,1,4,B,1.1490280629982936
67.52270443423623,51.80787662388154,1,5,B,-0.6235590552991402
59.35678393147461,29.872557358877305,0,7,B,1.0336292027789111
62.71555094994159,94.06792451153404,0,6,B,-0.5213361424671525
57.21672064043235,25.929675886577375,1,6,C,-0.15710122998950854
38.70948228782771,42.96568127389351,0,8,C,-0.17762703762329876
44.75479733720226,87.27302504846018,1,5,A,-0.9981039109477717
54.89374561227918,84.19335667918087,1,2,B,-1.7355176103597263
37.778721911080545,18.610141784627732,0,4,A,1.2237240425047213
57.12998430172388,80.26433097957104,0,6,C,-0.7022495423631435
47.59674601841865,45.81868867378927,1,3,B,-0.2697397245750924
46.251791924504026,48.29688720853552,1,3,C,-0.7307167800986489
57.10959968203491,13.347997241594378,1,5,A,-0.25665453670229804
54.4426331148604,8.060151375712465,1,5,C,-0.5059029403923645
46.3903383418092,72.79393069737652,0,6,B,1.279083869442422
61.59329803364248,49.646115235529976,1,2,B,-0.5905041485967646
39.189366724001026,43.68507026151796,1,6,A,1.714554147761008
56.15935606944264,72.95082286523967,1,4,B,1.1392713991971015
55.93101257968384,76.55128989911097,0,3,C,-0.47444699149447894
46.904535606860094,15.890816766935355,1,4,C,0.31981163479617813
53.26133022242118,61.02251494776413,1,2,C,0.5193463295971336
37.488864236146966,13.535408227768553,0,6,C,0.8416072037583913
59.24027019206901,75.13750860290457,0,8,A,0.9404670077214295
48.15097863557011,65.69551562671396,1,5,C,0.18663265651273872
44.772769794809605,95.6614621083458,0,6,A,-0.9544230996419101
60.49009225836889,6.895801635642118,0,5,C,0.6408883245136207
42.95656309457241,5.705472115125431,0,5,A,-0.23650637545752326
35.91538703636441,28.218707469320016,1,6,C,-2.7892049920138704
34.433708264760966,26.170568373590598,1,4,C,0.3902784770595461
56.06009951345639,24.697879907199983,1,4,A,-0.7341100512387413
37.19570647503717,90.62545805210367,0,5,B,-0.45838807685368677
67.54794181984364,24.95461998495061,1,5,B,0.00602113581669193
29.18070592116278,27.1949726128631,1,4,B,-1.553647043369941
66.96456368290038,75.93982624179637,1,4,A,0.13904147711338619
52.11017467202618,44.973984245054,1,7,B,-0.3167074442742699
49.032868881296075,77.67105569551812,0,5,B,-0.8772199858868932
44.550809131910505,6.536615756438524,1,4,A,0.04624182501819926
53.991361143520706,48.75711936733843,0,3,B,-1.6901962176328016
49.62365297575152,3.3613600183282633,1,9,B,0.07562677839040349
61.03301882016521,6.265320345535452,0,6,B,0.4705989135033593
51.142276486620396,90.64374533444109,0,6,A,0.305248659617571
51.50301761461878,13.924537111759516,0,4,A,0.7888842075486421
46.36387787786144,53.24206822752171,1,7,B,1.1653523825521162
49.43054376278933,41.10956026007065,0,6,B,-0.08134772703574868
53.07801768892059,34.73433262588427,1,6,A,1.0954494845089495
32.89831607343375,89.98333456872724,0,2,B,-0.08508516565102109
36.518145778942866,2.18233967754895,0,6,A,-0.6994608735492777
57.43264094022715,66.37896861755891,1,4,B,-0.39275061839707964
51.708654381279416,96.33944342135504,0,7,A,0.2669775898716591
48.16016663647321,56.016818346184195,0,8,C,1.085177848172317
50.184339330653934,93.68224620330918,1,6,C,0.0014628548137902023
53.47581705361671,5.225787928602377,0,3,A,-0.6736568716031917
44.60240319690639,41.87933190741614,0,4,C,1.4442600468203788
42.216952745976876,26.015779096205115,0,5,B,-1.434816511346655
51.958452550976816,73.08209649807299,1,3,A,-0.6672053844763253
40.21627222384968,98.12970904972467,1,5,A,0.8927843782269886
54.082527557144715,25.65300624442478,1,8,B,1.7664572465375616
32.9741639576216,65.41746014740745,1,8,B,0.4806812642203949
60.29155637325644,19.809763275974014,0,5,A,0.24988755816383004
54.72597482413043,56.53302545716099,0,5,B,-0.29086517019067476
52.56029734313876,46.39324866883362,1,8,A,0.5480711580492612
59.82690983945514,97.2005329631537,0,5,B,0.1293676710108124
66.65474444462576,60.85272726964666,0,4,A,-0.7545313540145426
60.1437006501813,34.950637208681876,0,3,B,-0.3089937683704872
31.591257686683548,11.409578488793336,0,7,B,-0.867445996680596
37.204230332642986,15.124682873493455,1,4,C,0.01361561438082699
43.75181422304321,22.53169299512351,0,4,C,0.16183947304260143
50.26091050210834,25.0966661340298,1,5,C,1.6343831986477642
55.17659020469123,85.06160578411378,0,3,B,-0.5973971256906215
42.742561868465344,56.12227882825249,1,5,A,-0.18077675480348723
51.86766764477078,52.33909113743665,0,4,B,1.2591813215132046
42.44617067646678,11.476887186921747,0,6,C,1.8050893504578904
43.884821970080516,86.0139693349435,1,5,B,0.4747109773986651
35.93338903151778,72.28143032084837,1,5,C,-0.25356317144820206
40.76766753889096,6.766836190000158,0,2,C,-0.47301766727095396
36.48315394383666,70.78350972297687,0,5,A,-1.8430668148602856
40.241267470226674,54.353821734264606,0,3,A,-0.9277682990957032
60.536417966078396,8.172534574677826,0,3,C,0.10156242350360772
40.50601111168057,45.830064152865646,0,5,C,-0.18098586601432187
76.32382064837391,48.469628713004695,0,4,B,0.6234079739950275
54.93317900880889,16.577454016327575,0,3,C,-0.19520278682916792
51.84836123694874,94.56981470002823,0,4,B,-0.7260572966372096
41.41642219818787,84.99753714806619,1,2,C,0.3413442593453236
57.003098794089915,66.90223373291083,1,6,A,2.5052652454734647
44.24362173762226,46.22955610006072,1,7,A,-0.31734916739652724
51.220098146453616,41.17655415845085,0,3,C,0.13888752134537663
75.60084538268795,65.09734671509541,0,5,B,0.8469255812126805
49.0394010027535,54.543186940690546,1,4,B,-0.5716183915692663
61.49273326285676,6.227310588188562,0,6,B,1.2727575366353827
42.96823574874112,51.25026487703317,0,6,C,-1.5790401111179289
49.65011509503038,80.64036172328395,1,2,C,-0.4077270172686185
67.7080063563551,45.923987759695805,1,2,A,-0.31122089750855303
43.730329422122324,5.195657755426842,1,5,A,0.151157745253608
68.12448557996929,78.6278199384033,0,2,C,-1.9714812999899154
57.07751935455475,20.13637821359744,0,7,A,1.3527398946610956
44.37533224105732,25.862083488803876,1,4,B,0.4142175849508347
56.32407739055521,16.47063534322959,0,5,B,1.1228314454991277
59.7255444962673,33.02150648714976,1,7,C,1.6130357374638709
56.21809962217196,75.6751505688635,1,5,B,-0.7405637783370573
34.297752801095434,51.93858595039374,1,7,C,-2.4943540007227973
42.728628241751316,20.488127415071254,0,1,B,1.1463660752968312
47.52481364448495,87.78300781520409,0,3,C,-0.28638267017338714
49.25566570899954,87.95818549515292,1,4,B,-1.1331684958720607
56.206720975506784,87.05784250460069,1,9,B,0.5762996530405098
51.777010009332535,23.87962113815393,1,4,A,2.4635569321322595
36.64655641289899,45.12393441809881,0,5,A,-0.10890649513833205
53.801978510059634,98.49896561408751,0,6,A,0.9511163073023188
56.10585745283823,77.20124763099903,1,6,A,-0.9875027934694685
55.5979044793104,2.716742122555982,1,3,A,-1.6867577654495531
60.807807255546216,6.5204591260492055,1,3,A,0.9139404693229914
58.33922154548904,46.39313768123328,0,5,C,0.5460731718082676
54.59180079228437,90.92202058615601,1,7,C,-0.4657028346590745
49.29834288541353,53.870179795271426,1,6,A,1.7062193080253947
33.39039066484008,49.781250803429025,1,6,C,-1.7644889696569042
54.296182191325855,10.547369995663058,0,4,A,-1.2300300759220195
52.076876871631114,65.6780104724294,0,7,C,-0.5428675947525371
52.715788371953735,82.21031606002255,1,4,B,-0.35639700732060503
37.232514241796906,38.04200075075623,0,8,C,1.4653547075286175
39.189434595917376,77.56118509253275,0,5,C,0.04919793781076271
60.53152853332904,96.44766539008116,1,5,C,-0.1929539895997672
49.60444846143345,20.376645912768907,0,4,B,-1.2700067677908868
56.81500697372624,52.33296311947413,1,5,A,1.0866335418415303
50.28318376130461,28.713795808457554,0,2,C,-1.1366408834672381
50.297561394957455,79.28544190338394,1,3,C,-1.2746112913601737
59.382838059759976,57.75933658811575,1,7,B,-0.4002581409471725
44.83955271782626,63.45824175503038,0,5,A,0.16319402465516725
50.96120776940983,79.79141596158941,0,6,C,-0.7201426001603074
45.377247112949576,39.59704726624549,0,7,B,0.7070175029576056
45.65503772567684,91.50900684070432,0,2,A,-0.2829762769807495
46.908278765313604,53.302886724614,1,7,A,1.0527689396115851
52.22133771633713,15.7954822835348,1,5,C,0.5051106120830741
45.212513783365225,69.58991181688025,0,5,C,1.7914793403641365
62.55756125573521,79.32613504382545,0,7,C,-0.4422289258774891
41.05392697780496,31.67616770675267,0,6,C,0.8439710244055942
48.13128355838641,85.7179256998753,1,5,B,-1.7868112218136827
45.60268941725825,90.61432547657664,0,0,B,2.8916586930758936
64.46977884353733,27.690448737780894,1,7,C,0.7939465334712549
51.965547765115744,98.3521472715222,1,5,A,-0.2963072222227201
60.31844539468635,14.071152804875842,1,5,C,-0.2591252106328507
35.14439626963028,20.201566840248997,0,6,A,-0.24702307363726908
52.67050265869259,18.422483923802613,1,8,A,1.8400366231016745
58.89630795623437,89.39897100078704,0,4,A,0.898549500341217
50.82283989275424,65.42925523249619,0,6,B,-0.443318302385349
60.654803750653514,15.210428322227287,1,4,A,-1.2388150181242825
44.82711549899628,44.032341836834895,1,1,A,1.1961046355079166
64.0934744018558,61.529802506980204,0,3,B,0.838548926313624
72.9889812361925,8.34640849893833,0,4,A,0.7063706972505993
46.37161439560341,88.24163684073388,0,5,A,-0.08374443538190161
45.54497478599228,80.36035354415351,0,4,C,-0.29961744891075925
64.533844771177,50.52067735766382,0,5,A,1.6852235114797387
65.79572145730712,96.71266152591704,0,2,A,1.778269239304477
44.771399728467316,41.77609792750997,0,2,A,0.6401248756416215
45.798131829041424,98.41103190364979,1,5,A,0.9698408648399088
47.18215391139493,66.79199988036271,1,5,A,0.23609816417071042
36.555494889657226,63.467127325394145,1,5,B,-1.3699857724669031
40.81348053515802,16.5954895295785,0,6,A,-0.9797427560096463
39.95859233247932,88.1927758304644,1,4,A,1.1461819030494391
42.32202434895871,42.74896879206152,1,9,B,1.2737053478111904
49.65315112613219,16.223340578247935,1,7,B,1.054127008309619
52.342147325365204,1.260751997575904,1,2,A,0.3460523100870328
65.50500492814076,55.975568363838256,1,3,A,1.0912989562952675
40.016459592612094,52.739962212267635,1,4,A,-0.058137294499229976
59.843223984765835,71.93536223691585,0,6,C,0.6213903365383007
47.86011155774491,89.02580530178021,1,7,C,-0.2046823681201177
49.50536290347567,7.9406584643029525,1,4,A,-1.0567856331498822
56.74819492166604,73.14964903403623,1,5,B,0.8645719724972687
38.772779784377015,18.741194409758222,1,5,A,1.2751244046611432
53.82409746184051,85.8177053157164,0,3,B,2.4739587804167162
51.66452208213056,81.90635138616561,0,3,B,0.26402900139599467
54.92451264008149,54.07937549855444,1,7,B,-1.0478098183782303
52.89168643907818,71.02427986233116,1,3,A,-0.328440737328814
74.55300139910895,31.43501131837484,1,8,A,-0.13589138552518037
43.62260015748684,47.116789893281464,0,8,B,0.14849780662791137
44.690030449981826,82.16368977104716,0,5,C,0.4708762567384327
43.76859473575236,45.92651971732139,1,5,C,0.36296929239666775
44.44522880839745,35.77982653254418,1,3,C,0.7770822584652559
43.62612872693482,49.421244725029986,1,3,B,0.19742304769258168
61.89016531107552,82.82492524372184,0,6,A,-2.2252959027767756
64.20504247989855,33.520804737087275,1,5,B,0.2271338286934484
44.29253706250524,17.37615931357438,0,4,C,0.08673076130718821
41.67644426895771,71.20140203307808,1,6,A,0.5502668638209331
54.71415556386404,82.59782127080818,0,3,B,-0.36148220557752314
44.477769557190285,10.063747852353334,0,12,B,0.22352572447638855
56.32931817755511,23.98741127559447,1,1,C,0.556242187528883
52.029230208513,14.19719897609939,1,6,B,-0.16004220173068698
34.84255885002768,34.79414115821666,0,1,A,0.675870602230281
65.47505201330061,45.035097890541266,1,6,C,0.07012493246484428
67.95877673095522,74.88263369633064,0,1,C,0.1566588323151004
43.87211309515614,65.11475848816741,0,4,A,-2.9227087990570007
46.122984400640156,62.092856747843115,0,3,C,-1.1438872848255242
52.85865390724905,35.23749466096544,0,3,B,-1.1411658156596491
53.34456789987025,84.144755308476,1,5,B,0.2163322178996688
56.5854427267283,47.128716739816454,0,5,C,1.2716652332964993
70.1020453876635,97.91049380151546,0,5,A,-0.11841510471612826
48.2305277250595,63.41421382957368,1,9,B,0.848298179304868
42.01702755461546,12.626474156450273,0,3,A,0.6482526563258691
36.20680771985473,67.6177562075434,1,3,B,0.13989342347031813
42.69069960058081,32.5104015431699,0,6,B,0.5739767008316777
49.66873027126203,68.63271966860974,1,6,C,0.24594371883183785
67.94557863517788,6.964114816240574,0,3,C,-0.14228049679277768
44.823887009638284,17.48814371759594,0,7,A,0.39108034966653454
52.237879516388986,85.57372589057863,0,4,C,1.4466314098017299
49.83577103927248,22.71795570235149,0,1,B,0.47274897347569583
61.88393273448084,83.704112524294,0,7,B,0.2179711200386592
75.26932425873622,27.927608845441043,1,7,A,-0.877450581169481
44.69131227079679,64.28819100587077,1,2,A,1.4158751492646091
45.10560557481778,69.4150573509831,1,5,B,-1.4070485309989456
60.44160877069072,51.265475314505295,1,6,C,-1.7060630805981012
56.81891489626312,30.531067669673128,0,9,C,0.3714606883175098
68.46707325736034,21.264437637109612,0,3,A,-0.8807601911147211
55.839281853259635,3.318935456242622,0,4,A,1.0890990028474443
46.40707909212941,30.39464012407238,0,10,B,-1.6837056253659834
55.90654830692309,65.3162790531283,1,4,B,0.9618064725106198
61.087035805829075,93.83048184484826,1,4,A,0.8209819347379005
58.204821811973645,87.1204482263052,0,4,B,0.11801596410790594
55.07274031107298,76.60647765353026,0,7,A,-2.099571642580309
60.666746895891535,78.84473432532987,1,8,A,-1.7233031203192695
61.692955904456724,66.49849034759953,1,6,C,0.23993527772492584
63.82158991037527,26.0286857566003,0,6,A,-0.23279200038544726
56.48709887589643,90.71950307058299,1,3,B,0.7273302849030036
48.328819196831454,67.0732311905834,1,5,C,-0.06821629173123701
51.46713686433323,56.04406309804399,0,6,C,-0.15518063225233406
62.06508966508357,11.098946921348107,0,2,B,-2.4263175734587334
41.83064329012764,44.70555438064254,1,8,B,0.8224323117726177
53.686733088729014,46.03582712019263,1,5,B,-0.6491461847589073
46.06661187672639,86.45636095226699,1,4,A,-0.3982059237192233
50.28744822934817,54.66482201877885,0,4,C,-1.0697790431091505
62.78451862607299,38.04005489704097,0,2,A,-1.5404110639503477
51.910990680199035,97.68003285106593,1,5,A,1.472137828165119
50.46436548156149,11.072059332631568,1,5,A,0.7954876949548881
36.40143859020081,42.25484283119446,0,4,A,0.811995575354132
57.46253566027221,4.202467517140529,1,2,C,-0.21651061809936764
56.45484181141075,73.99041207669303,1,4,C,-1.737922445965795
71.6325472330546,91.80765521991506,1,4,A,2.102044755837806
46.92221765046999,28.003732955048942,1,1,B,0.42229163126339586
52.19150327663939,85.83416767991208,1,8,C,0.1367892000769957
52.49383683710755,29.221823046189776,0,4,A,-0.35913302229707783
65.77453279763475,91.07701616439152,1,10,B,-2.044556252937615
49.047044676130476,75.3961903596784,0,6,B,1.1415587322767222
52.790215257703395,80.49067768414386,1,3,A,-1.0577035069022556
56.078965097165394,1.80065556004545,0,6,C,0.5465691628622559
51.86609123156358,96.2810357074026,1,4,B,0.770833961123564
45.535663854494715,72.66709920703232,0,3,C,0.334157621873155
51.94089992898308,30.47510953861333,0,2,C,0.4699735403318847
60.73631749859772,82.9394664858847,0,3,B,1.3461197518982968
39.7348470058894,28.152119841492997,0,5,A,-0.7924154118329717
51.32969674146876,87.2753839566128,1,3,B,0.16450259004350581
42.99879185060827,11.258039041193701,1,4,B,-0.2251054046798361
61.950466289248425,70.36859774607957,1,3,C,-1.839565047822103
34.76813095216225,54.069847664491036,0,6,A,0.2863333298670089
44.410781527284115,9.653447019544082,0,5,C,1.2512505965246858
53.772118750645205,24.189382825883897,0,5,B,1.3763341586771942
65.65524029234341,1.240403627731479,0,4,A,1.85747720929573
49.34249738927012,46.876796546450585,1,4,A,-1.773719124589243
44.44800473306802,30.126526076000037,0,6,A,1.6286276978812413
68.8115706944059,59.83574842977588,0,4,A,0.1848397643603801
35.51986099583756,29.72378077086172,0,6,A,1.6005625073699596
28.011940433799182,29.99191115069847,0,4,B,-0.39478240919542645
54.40014450053332,74.31931987316034,1,5,B,-0.530800478794885
44.97945775647389,4.814283597835345,1,5,B,-1.2152725762268937
39.787671828692865,90.28949951919873,0,4,C,0.7759775664061606
57.08356447299353,85.22638743911814,0,5,A,0.5144760705317492
52.43800713771199,66.78046832264066,0,3,A,-1.1170095622303255
44.359213692632714,59.32215701073843,0,4,B,-2.1641367670130003
37.19695601329106,89.23024981396523,0,6,A,0.4152452343233938
58.724573282801444,18.533017952871443,1,6,C,0.5291703669447326
56.50201177958661,7.896916219082861,1,1,A,-0.9869515117257659
49.00824136220617,23.95101699095381,1,3,A,-1.1878284133709622
68.46636996047665,79.45782787001903,0,4,C,0.6558681791462481
39.29915233673847,3.4670266726483323,0,6,B,1.8563936983248859
34.74474829075261,58.280683508348964,1,4,B,-0.49499019890806567
43.080919301187556,99.54375161913099,1,3,A,-0.879638932722936
49.54413983644502,85.56960938375394,1,14,C,0.29885846375057945
52.43339449322692,52.14456890435895,0,5,B,0.635253064848071
47.5876394214367,6.364090928664234,1,4,B,-0.364290095892411
53.520553965142966,83.13735143857099,0,5,B,2.025091083491953
37.48460575809556,59.89785081772106,1,5,A,0.901685122141679
64.4376460407326,11.493299705956684,1,7,C,-0.3812707060316669
49.178488216074314,9.38572848233562,1,7,A,-1.5924829722782052
61.172958315881274,90.96268194365923,0,7,B,1.3194217878148724
53.42725346377704,66.92002629380784,1,2,C,1.191931236215073
54.567532191537836,82.92867993167555,0,5,A,-0.30275286996176626
55.69767280232204,87.89789002822673,0,3,B,0.3505754576125445
54.47708560017315,57.17723520483222,0,7,B,-0.1504698974825089
56.42722759867544,51.74463517550413,1,2,A,0.5205988811089679
63.29152530132431,43.042741032099016,0,6,B,-1.024949531131682
51.9652116970147,31.69465877911193,0,4,B,-1.167519120076846
57.09003757588512,43.459596085871176,1,8,C,0.8108637327605234
49.102643057127736,77.38796557301563,0,5,B,0.9376148435095977
64.40117215449473,60.19234310151316,1,1,A,-0.49079202562160607
43.2360769794073,89.2523289954846,0,2,C,-0.7491210759610244
68.00940432910815,44.33800143791877,0,3,A,1.1475664521446984
49.59842049355657,60.7089578718754,1,6,B,-0.715262519315179
35.69224897881952,63.130755309198875,0,8,C,0.0554112559857662
51.28104414910789,59.16971623063255,0,4,C,-0.07141497837265344
43.18948342525119,70.26337730855164,1,3,C,-1.4669059453519193
58.406435489887244,23.74334683748063,1,6,C,0.19211426707866847
43.47376020697609,51.23637775457907,1,6,A,0.09440695340416014
45.538165667852205,10.422480280834767,0,8,B,0.3601912781016061
31.104592690544692,38.45113276448126,0,6,B,0.15823086965328603
45.47693680750923,48.76670686212644,1,6,C,2.1356874094133724
25.761206733710434,65.22242595454725,1,5,B,1.1616782313232301
34.16097176514277,95.05310525862035,1,4,A,0.03880900045480176
57.604146561442974,60.06510665483559,1,5,B,0.1302390838495389
57.85800158650832,74.35939161765597,1,5,A,1.7636192077507902
54.254575617849646,50.626605949520275,0,6,A,0.8630877860052469
40.33023856870787,63.41040313763313,0,11,B,-1.2290028604944465
49.5228864385802,7.093221613377343,1,8,A,0.9489482228070966
49.963974609094315,25.439158084184697,0,7,A,1.2428010820599429
38.416353108074574,36.185309320513866,0,7,A,1.6177170757757846
65.0339830176715,47.249335500651355,1,4,A,-0.40149168160748844
58.77362290575671,4.564874550238374,1,8,C,-0.47445049546896756
47.79035826170336,14.002409755331769,0,6,B,-0.9418150214473305
50.26885838994531,27.68143077913058,0,2,C,0.3081274643361337
52.08382807947552,97.15326909010507,0,4,A,0.7328675824556993
29.582651315757094,33.134700710305076,1,0,B,-0.5133291866775045
47.52822617479403,48.20410581120825,1,6,A,-0.141815297669161
43.180157520022014,19.609771273839293,0,0,B,-2.053717795619064
39.983799901050844,61.07800710757682,0,7,C,1.50944905040265
47.18899707114045,28.068321551597432,1,9,B,-1.564976371500097
67.97686526849523,20.699257843842677,0,7,A,0.37477975219280407
56.4084286126701,51.65726284459791,1,2,B,0.2382548333723474
44.28821010217203,0.5505799160420821,1,4,B,0.04580796853159671
55.72582781356159,0.7664032649225327,0,8,C,0.0687968783396897
